{
    "accuracy": 98.66944951734934,
    "precision": 98.98666666666666,
    "recall": 98.30508474576271
}