{
    "accuracy": 98.43464649099923,
    "precision": 98.05626598465473,
    "recall": 98.86539453326458
}